timestamp,open,high,low,close,volume,close_time,quote_av,trades,tb_base_av,tb_quote_av,ignore
2019-07-04,0.00050000,0.03000000,0.00050000,0.00677000,8289912141.00000000,1562284799999,62783247.63119260,105025,3779560873.00000000,28771803.20105820,0
2019-07-05,0.00681500,0.00708000,0.00563700,0.00570600,2149919312.00000000,1562371199999,13483321.57764100,38628,1000073708.00000000,6284140.68135300,0
2019-07-06,0.00570600,0.00599950,0.00510000,0.00599000,1348510789.00000000,1562457599999,7501636.68016350,24395,656465566.00000000,3663135.72917570,0
2019-07-07,0.00598450,0.00670000,0.00556060,0.00624280,1456571365.00000000,1562543999999,9093288.27407010,24112,705791517.00000000,4403989.02424500,0
2019-07-08,0.00624740,0.00628260,0.00515010,0.00521120,1296151177.00000000,1562630399999,7318882.79740220,20180,558581182.00000000,3166817.39121340,0
2019-07-09,0.00521120,0.00558830,0.00472490,0.00491060,1605771720.00000000,1562716799999,8164271.63643900,22768,678770217.00000000,3455094.80051620,0
2019-07-10,0.00491050,0.00492800,0.00431160,0.00470000,804287083.00000000,1562803199999,3741846.45430420,14980,400844670.00000000,1867334.23849280,0
2019-07-11,0.00470000,0.00472910,0.00340450,0.00357740,674595100.00000000,1562889599999,2600215.64980600,12341,291055571.00000000,1113635.94234790,0
2019-07-12,0.00357740,0.00599000,0.00342060,0.00535960,5042211113.00000000,1562975999999,24944228.58258900,53501,2183249979.00000000,10789555.44147510,0
2019-07-13,0.00536200,0.00705100,0.00512530,0.00636790,4917063264.00000000,1563062399999,30617885.02689900,66508,2458221545.00000000,15380333.84404630,0
2019-07-14,0.00636770,0.00749000,0.00519000,0.00529890,4213278668.00000000,1563148799999,26339936.63452790,56528,1888875075.00000000,11826267.54466860,0
2019-07-15,0.00534490,0.00551320,0.00450730,0.00451220,2408577163.00000000,1563235199999,12066324.37374460,31471,1046341125.00000000,5261101.91590880,0
2019-07-16,0.00451500,0.00510000,0.00351440,0.00364990,2778960641.00000000,1563321599999,12227223.58838810,28614,1213511226.00000000,5381790.40388430,0
2019-07-17,0.00364170,0.00494870,0.00361800,0.00467600,2736854440.00000000,1563407999999,11775797.65113810,29223,1331842185.00000000,5727125.34568970,0
2019-07-18,0.00468010,0.00514000,0.00418010,0.00453000,2576782651.00000000,1563494399999,11889381.42924140,26759,1193552297.00000000,5517746.14717970,0
2019-07-19,0.00454980,0.00463000,0.00421100,0.00431560,817344201.00000000,1563580799999,3603142.23694140,10588,361792855.00000000,1596515.44509420,0
2019-07-20,0.00431560,0.00475650,0.00427150,0.00447850,829309193.00000000,1563667199999,3745315.61362600,9988,427539157.00000000,1932780.56281090,0
2019-07-21,0.00447910,0.00459890,0.00404730,0.00419680,586681856.00000000,1563753599999,2529635.19298960,7847,247811888.00000000,1070658.69131330,0
2019-07-22,0.00420110,0.00425500,0.00375410,0.00383620,694430771.00000000,1563839999999,2765593.81036560,9438,291827076.00000000,1165001.89032620,0
2019-07-23,0.00383540,0.00384230,0.00350000,0.00356730,811525310.00000000,1563926399999,2981830.42141930,10907,321007317.00000000,1182369.58044190,0
2019-07-24,0.00356730,0.00394180,0.00345010,0.00363500,942505478.00000000,1564012799999,3476462.74591360,11460,407781430.00000000,1516092.64678440,0
2019-07-25,0.00364990,0.00404190,0.00355250,0.00360010,643506674.00000000,1564099199999,2447368.84715080,7064,290990018.00000000,1111687.77040890,0
2019-07-26,0.00360010,0.00384570,0.00360000,0.00362890,407712843.00000000,1564185599999,1507668.95223910,6252,163114139.00000000,603718.73150900,0
2019-07-27,0.00363140,0.00375510,0.00333220,0.00334500,416819009.00000000,1564271999999,1467571.95152860,4599,151342104.00000000,534662.94531260,0
2019-07-28,0.00334500,0.00343550,0.00303000,0.00317480,315704701.00000000,1564358399999,1028912.32986390,3408,127456966.00000000,417430.60379840,0
2019-07-29,0.00317190,0.00329590,0.00307060,0.00308220,308867600.00000000,1564444799999,986785.38865760,3614,158481222.00000000,507324.93926820,0
2019-07-30,0.00307370,0.00324970,0.00300280,0.00317690,462108001.00000000,1564531199999,1443784.09451650,7461,201875940.00000000,632210.87987540,0
2019-07-31,0.00317690,0.00337810,0.00313510,0.00317080,421100723.00000000,1564617599999,1377998.32589170,4272,201900616.00000000,660032.65203670,0
2019-08-01,0.00317060,0.00319300,0.00272130,0.00280000,803211523.00000000,1564703999999,2321434.64236520,10924,330100717.00000000,952241.05506460,0
2019-08-02,0.00278510,0.00294490,0.00270000,0.00279240,680524999.00000000,1564790399999,1918743.31554590,11714,279550789.00000000,789544.56489600,0
2019-08-03,0.00279240,0.00291990,0.00275480,0.00283990,389921443.00000000,1564876799999,1102567.47249460,4748,187534905.00000000,531158.52132770,0
2019-08-04,0.00282560,0.00284900,0.00273220,0.00273800,218982545.00000000,1564963199999,611537.89278710,2351,100730937.00000000,281534.81623850,0
2019-08-05,0.00273940,0.00297820,0.00255800,0.00274650,869791308.00000000,1565049599999,2364091.54824550,10398,407045467.00000000,1110423.84448680,0
2019-08-06,0.00274650,0.00353800,0.00256180,0.00302020,2339257143.00000000,1565135999999,7232472.48878280,17677,1221516953.00000000,3796930.47242820,0
2019-08-07,0.00302020,0.00352000,0.00270000,0.00274990,1614988905.00000000,1565222399999,5057059.86485530,12324,753451385.00000000,2384517.46001230,0
2019-08-08,0.00275180,0.00283000,0.00265000,0.00268840,854732053.00000000,1565308799999,2349093.54997830,6928,365038196.00000000,1005766.67600310,0
2019-08-09,0.00268490,0.00269130,0.00225330,0.00227160,475163990.00000000,1565395199999,1207384.36886390,5637,177567394.00000000,452722.08769260,0
2019-08-10,0.00227160,0.00250400,0.00220000,0.00240130,403035409.00000000,1565481599999,935646.52086280,4836,184918296.00000000,430299.06265030,0
2019-08-11,0.00242000,0.00258000,0.00227600,0.00231600,428668928.00000000,1565567999999,1054899.19810820,4116,168654636.00000000,417584.29590960,0
2019-08-12,0.00231600,0.00250960,0.00230050,0.00250040,471968739.00000000,1565654399999,1125123.13691460,3851,229123710.00000000,546893.69916990,0
2019-08-13,0.00250020,0.00269790,0.00233000,0.00264300,674940091.00000000,1565740799999,1673526.67159860,6539,354672763.00000000,881222.16945180,0
2019-08-14,0.00264270,0.00264270,0.00230000,0.00234560,587622744.00000000,1565827199999,1446868.53986210,7201,248577527.00000000,615466.29524180,0
2019-08-15,0.00234570,0.00242420,0.00220100,0.00235020,271006821.00000000,1565913599999,623747.84128300,4262,139691076.00000000,323418.90994900,0
2019-08-16,0.00235020,0.00241970,0.00221090,0.00230250,245962256.00000000,1565999999999,571346.00360100,4737,126630619.00000000,294513.48657150,0
2019-08-17,0.00230260,0.00234220,0.00225010,0.00231390,110357065.00000000,1566086399999,254550.16449150,1749,37121427.00000000,85701.34161080,0
2019-08-18,0.00229090,0.00305000,0.00227020,0.00289990,833660707.00000000,1566172799999,2262823.64457780,7563,447484591.00000000,1207430.99146420,0
2019-08-19,0.00289940,0.00329970,0.00273100,0.00285050,1492973109.00000000,1566259199999,4358155.34135070,12540,696889215.00000000,2036371.14238040,0
2019-08-20,0.00285160,0.00359000,0.00275330,0.00346010,1313934621.00000000,1566345599999,4187357.89001810,13495,697140476.00000000,2224885.01054820,0
2019-08-21,0.00346620,0.00357800,0.00281100,0.00295870,1248333584.00000000,1566431999999,3912367.16954120,12541,580120674.00000000,1839910.55864620,0
2019-08-22,0.00295870,0.00295880,0.00259300,0.00272300,497758451.00000000,1566518399999,1362295.51395020,6283,184313053.00000000,504638.21930440,0
2019-08-23,0.00271960,0.00297000,0.00263890,0.00269960,553375753.00000000,1566604799999,1541892.71169950,4809,246505682.00000000,689058.33605020,0
2019-08-24,0.00268830,0.00270650,0.00238000,0.00243300,496204532.00000000,1566691199999,1235705.03367830,4962,195031528.00000000,486620.25760240,0
2019-08-25,0.00244700,0.00250250,0.00235290,0.00238790,244505917.00000000,1566777599999,590723.65965760,2442,94411267.00000000,228034.72438300,0
2019-08-26,0.00239580,0.00245980,0.00224170,0.00229220,268632046.00000000,1566863999999,630963.62128060,3217,104880271.00000000,247692.76804990,0
2019-08-27,0.00228670,0.00249900,0.00225660,0.00235510,400287088.00000000,1566950399999,953272.40004790,4345,168692718.00000000,403099.79437410,0
2019-08-28,0.00235510,0.00246950,0.00205370,0.00208540,322986873.00000000,1567036799999,731541.74225400,3447,122929013.00000000,278510.39942060,0
2019-08-29,0.00208520,0.00212100,0.00194080,0.00201010,219456561.00000000,1567123199999,442195.10565810,2690,102110565.00000000,206178.73584430,0
2019-08-30,0.00200940,0.00214880,0.00197010,0.00204760,170296063.00000000,1567209599999,354755.01945690,1749,80433885.00000000,167986.05094780,0
2019-08-31,0.00204100,0.00209990,0.00195150,0.00198400,118215521.00000000,1567295999999,238614.26014380,1209,49048728.00000000,99410.94685370,0
2019-09-01,0.00199640,0.00204780,0.00197030,0.00202300,55342588.00000000,1567382399999,110786.99003980,1175,28271206.00000000,56689.91392450,0
2019-09-02,0.00202010,0.00225000,0.00197000,0.00211310,321531398.00000000,1567468799999,675088.34884940,3458,159258244.00000000,335986.26506030,0
2019-09-03,0.00209180,0.00223000,0.00201980,0.00207800,228847675.00000000,1567555199999,480563.20905510,2469,106311982.00000000,223905.91329220,0
2019-09-04,0.00207310,0.00213760,0.00204770,0.00207900,154672757.00000000,1567641599999,321745.86175380,1725,67147895.00000000,140290.30155270,0
2019-09-05,0.00206280,0.00210990,0.00205690,0.00205730,80453990.00000000,1567727999999,166962.28807290,985,27998828.00000000,58302.87961870,0
2019-09-06,0.00205730,0.00210000,0.00191930,0.00195340,103696363.00000000,1567814399999,210477.72540150,1443,32212260.00000000,65407.24497950,0
2019-09-07,0.00194820,0.00202280,0.00190020,0.00201920,100413630.00000000,1567900799999,196128.22693990,1082,45188857.00000000,87949.02793480,0
2019-09-08,0.00201910,0.00204010,0.00194090,0.00198740,82039842.00000000,1567987199999,164403.84928810,1120,31906195.00000000,63983.53192350,0
2019-09-09,0.00198740,0.00202820,0.00194490,0.00195800,93639878.00000000,1568073599999,184488.94545640,1509,48070814.00000000,94910.22433620,0
2019-09-10,0.00195670,0.00213620,0.00192500,0.00194500,403566488.00000000,1568159999999,819651.52418460,4133,268214271.00000000,547723.09350010,0
2019-09-11,0.00195350,0.00200000,0.00178010,0.00179990,342700495.00000000,1568246399999,663786.49215000,2611,281215631.00000000,547972.06706410,0
2019-09-12,0.00178600,0.00199940,0.00176740,0.00180140,171854676.00000000,1568332799999,314249.22653950,2214,92700175.00000000,170105.66303530,0
2019-09-13,0.00180810,0.00182870,0.00174040,0.00176010,206603188.00000000,1568419199999,365627.13564730,1801,128592577.00000000,227628.91480630,0
2019-09-14,0.00176100,0.00181720,0.00175050,0.00177760,73700847.00000000,1568505599999,130802.20424010,784,45595388.00000000,80835.31096230,0
2019-09-15,0.00179990,0.00184990,0.00175030,0.00177090,104808378.00000000,1568591999999,187897.97167940,1303,72582221.00000000,130372.57841840,0
2019-09-16,0.00177030,0.00182750,0.00166220,0.00167620,317741994.00000000,1568678399999,553721.05848760,2474,209181148.00000000,365793.52311950,0
2019-09-17,0.00167620,0.00175930,0.00162780,0.00172900,279326536.00000000,1568764799999,475748.78960430,2741,157490916.00000000,267820.20396250,0
2019-09-18,0.00173410,0.00202080,0.00172010,0.00200000,362983531.00000000,1568851199999,690852.09144530,4101,190841069.00000000,361692.64451790,0
2019-09-19,0.00200000,0.00204680,0.00177600,0.00189800,170083955.00000000,1568937599999,321447.94508200,3016,73671310.00000000,139329.11013540,0
2019-09-20,0.00189860,0.00205000,0.00180020,0.00195060,241513047.00000000,1569023999999,469321.77199420,4224,107612319.00000000,209082.09991840,0
2019-09-21,0.00194940,0.00216900,0.00189120,0.00207620,327816809.00000000,1569110399999,665721.28962880,3880,141926378.00000000,288686.08880130,0
2019-09-22,0.00207650,0.00254000,0.00200430,0.00206990,677566586.00000000,1569196799999,1515165.21707790,7917,295303959.00000000,659410.90035890,0
2019-09-23,0.00205030,0.00206400,0.00177770,0.00178530,383402893.00000000,1569283199999,725720.91782990,5169,187476955.00000000,354090.55048270,0
2019-09-24,0.00179200,0.00192990,0.00140220,0.00147810,319023476.00000000,1569369599999,550001.25390690,3948,149904804.00000000,259610.14215880,0
2019-09-25,0.00148330,0.00165000,0.00147840,0.00160610,103105733.00000000,1569455999999,160795.94248200,1376,57433272.00000000,89906.89598220,0
2019-09-26,0.00160010,0.00184240,0.00152230,0.00156000,537418207.00000000,1569542399999,893579.69128990,7648,223158208.00000000,371851.42222790,0
2019-09-27,0.00155830,0.00160670,0.00144400,0.00150840,265584156.00000000,1569628799999,399333.22933070,1879,126279985.00000000,191729.56022650,0
2019-09-28,0.00150860,0.00155590,0.00145000,0.00149990,203542122.00000000,1569715199999,305158.95366610,1356,97332064.00000000,146055.42940760,0
2019-09-29,0.00149980,0.00152490,0.00137510,0.00142620,276523655.00000000,1569801599999,394953.09898530,1413,109503139.00000000,155670.97609690,0
2019-09-30,0.00142680,0.00148000,0.00132100,0.00141670,190468974.00000000,1569887999999,267461.30741410,1242,98261513.00000000,138210.73334360,0
2019-10-01,0.00141670,0.00146990,0.00136770,0.00140080,194591945.00000000,1569974399999,276995.19145630,1682,78763330.00000000,112238.07076790,0
2019-10-02,0.00140210,0.00143300,0.00137500,0.00143000,117484895.00000000,1570060799999,165578.75378630,634,83276007.00000000,117637.30804060,0
2019-10-03,0.00144000,0.00145440,0.00136800,0.00139990,96214009.00000000,1570147199999,136371.72090410,1006,52536980.00000000,74926.81365380,0
2019-10-04,0.00139440,0.00145460,0.00136540,0.00140010,117623013.00000000,1570233599999,163871.44508800,1742,61026032.00000000,85483.27591550,0
2019-10-05,0.00140000,0.00140000,0.00137010,0.00138600,46832387.00000000,1570319999999,64748.35721180,796,14534306.00000000,20111.13844200,0
2019-10-06,0.00138990,0.00139300,0.00133070,0.00134200,99454185.00000000,1570406399999,134758.06501920,1162,48204158.00000000,65486.54025160,0
2019-10-07,0.00134210,0.00142900,0.00133000,0.00138380,108583738.00000000,1570492799999,150942.88086470,1018,73388465.00000000,102221.05913120,0
2019-10-08,0.00139850,0.00152230,0.00139270,0.00148430,287318760.00000000,1570579199999,417526.46603900,3159,154976987.00000000,225128.99388390,0
2019-10-09,0.00148480,0.00172000,0.00148400,0.00163270,598925437.00000000,1570665599999,967037.41583080,5874,258721072.00000000,418373.70097780,0
2019-10-10,0.00163310,0.00183660,0.00160540,0.00163330,497217759.00000000,1570751999999,851537.26662000,5148,221634720.00000000,379763.06446380,0
2019-10-11,0.00163520,0.00167180,0.00157000,0.00163000,258194012.00000000,1570838399999,418625.64114190,2839,113583476.00000000,184679.58951880,0
2019-10-12,0.00164300,0.00173990,0.00162000,0.00165020,150778233.00000000,1570924799999,251409.22714660,2320,70045782.00000000,116977.20637130,0
2019-10-13,0.00165300,0.00167650,0.00157000,0.00161850,153466076.00000000,1571011199999,248673.39218010,1133,69091519.00000000,112418.65252510,0
2019-10-14,0.00160630,0.00165490,0.00154000,0.00159990,210089016.00000000,1571097599999,336407.21420250,2261,100442683.00000000,160547.47212270,0
2019-10-15,0.00158550,0.00164080,0.00150000,0.00153670,94198382.00000000,1571183999999,148953.25450270,2075,42190708.00000000,66858.10565820,0
2019-10-16,0.00153670,0.00154990,0.00142200,0.00145980,86700505.00000000,1571270399999,126465.48550460,800,52909197.00000000,76983.77772780,0
2019-10-17,0.00144960,0.00149880,0.00143920,0.00146300,67289474.00000000,1571356799999,99014.50908250,928,31898668.00000000,47015.52531690,0
2019-10-18,0.00147200,0.00147660,0.00139890,0.00145300,108422029.00000000,1571443199999,155871.33794470,1555,50934513.00000000,73073.22794190,0
2019-10-19,0.00145790,0.00145790,0.00141520,0.00141520,45088091.00000000,1571529599999,64541.14280160,633,27229561.00000000,39019.89689610,0
2019-10-20,0.00142060,0.00148030,0.00140010,0.00148030,61674254.00000000,1571615999999,89414.70803170,785,29962596.00000000,43589.62935790,0
2019-10-21,0.00148010,0.00163560,0.00146280,0.00156730,232745731.00000000,1571702399999,362016.16998260,2685,118038602.00000000,183538.89580900,0
2019-10-22,0.00156600,0.00162880,0.00152530,0.00152950,105609049.00000000,1571788799999,166008.45125630,2038,53223201.00000000,83883.34392150,0
2019-10-23,0.00152650,0.00154790,0.00132820,0.00136760,159206431.00000000,1571875199999,228344.35841650,1874,60736433.00000000,87545.98121440,0
2019-10-24,0.00137100,0.00142600,0.00133330,0.00137100,74547305.00000000,1571961599999,102935.73643580,836,26294241.00000000,36364.88247740,0
2019-10-25,0.00137170,0.00151000,0.00136180,0.00148170,123939764.00000000,1572047999999,177184.33823370,1436,64206657.00000000,91878.30058020,0
2019-10-26,0.00148480,0.00158700,0.00145000,0.00150660,240674979.00000000,1572134399999,365834.16101480,1626,158268826.00000000,241342.19417400,0
2019-10-27,0.00150660,0.00156990,0.00146150,0.00154530,157693337.00000000,1572220799999,240133.78402260,1472,75804498.00000000,115509.00060260,0
2019-10-28,0.00154090,0.00159990,0.00146350,0.00147870,206850632.00000000,1572307199999,316126.98850590,1701,89010930.00000000,136256.59812530,0
2019-10-29,0.00147870,0.00180580,0.00147870,0.00160190,431940074.00000000,1572393599999,709146.97837400,2997,220730650.00000000,360723.25548600,0
2019-10-30,0.00160190,0.00167290,0.00154000,0.00160220,129640097.00000000,1572479999999,208950.60430450,1446,54640608.00000000,88027.61603730,0
2019-10-31,0.00160520,0.00199780,0.00145000,0.00177620,893535270.00000000,1572566399999,1590453.90834520,6095,472753724.00000000,841820.55873400,0
2019-11-01,0.00177610,0.00188970,0.00172640,0.00177210,387542107.00000000,1572652799999,698431.26196000,2845,200300937.00000000,360163.16264910,0
2019-11-02,0.00179860,0.00184000,0.00172050,0.00180290,622020029.00000000,1572739199999,1103407.97636830,2655,342411015.00000000,608762.68807260,0
2019-11-03,0.00180280,0.00208880,0.00175280,0.00196180,406002222.00000000,1572825599999,775962.49399030,3679,205098056.00000000,392802.04475870,0
2019-11-04,0.00196170,0.00215090,0.00190720,0.00203480,736147459.00000000,1572911999999,1497195.34557560,5564,342357944.00000000,697697.48797860,0
2019-11-05,0.00203570,0.00270000,0.00197000,0.00233610,1857969038.00000000,1572998399999,4398837.83492360,15674,730555924.00000000,1722469.99069980,0
2019-11-06,0.00233620,0.00243550,0.00208450,0.00222450,1172549020.00000000,1573084799999,2642861.74313640,11978,558255280.00000000,1263080.34662660,0
2019-11-07,0.00221370,0.00221370,0.00200000,0.00207690,605223071.00000000,1573171199999,1252429.37070460,7451,305415608.00000000,630912.18263770,0
2019-11-08,0.00207550,0.00208950,0.00183660,0.00187920,294047375.00000000,1573257599999,570447.12764630,4061,131608365.00000000,254888.46252380,0
2019-11-09,0.00187840,0.00215000,0.00185500,0.00208720,516197491.00000000,1573343999999,1054326.11961720,7456,251295641.00000000,512850.38828490,0
2019-11-10,0.00208720,0.00215700,0.00202030,0.00209410,404154402.00000000,1573430399999,843518.90877080,6146,195602156.00000000,408323.56125150,0
2019-11-11,0.00209520,0.00210990,0.00194240,0.00201780,286202044.00000000,1573516799999,573783.18293170,4559,134258293.00000000,269055.71347800,0
2019-11-12,0.00201770,0.00213560,0.00198580,0.00208350,301913904.00000000,1573603199999,621895.68883900,4553,156141003.00000000,321456.44167570,0
2019-11-13,0.00208580,0.00213000,0.00202000,0.00205610,192920321.00000000,1573689599999,400192.45601790,2787,78664160.00000000,163150.77351460,0
2019-11-14,0.00205700,0.00210000,0.00196010,0.00202180,325314877.00000000,1573775999999,664589.92206120,4056,142321523.00000000,289982.70564170,0
2019-11-15,0.00202290,0.00208760,0.00195600,0.00200500,150458048.00000000,1573862399999,303883.63859970,2448,65865033.00000000,133125.84975070,0
2019-11-16,0.00200640,0.00201850,0.00194480,0.00196210,96788297.00000000,1573948799999,191131.75040570,1205,41652658.00000000,82098.15058260,0
2019-11-17,0.00196210,0.00200780,0.00195560,0.00197540,115825747.00000000,1574035199999,229486.27354190,1460,62317028.00000000,123383.84147840,0
2019-11-18,0.00197380,0.00197420,0.00179400,0.00180390,186995593.00000000,1574121599999,351608.16075350,2332,60644752.00000000,114634.61406730,0
2019-11-19,0.00180390,0.00181550,0.00174580,0.00179080,116592099.00000000,1574207999999,208248.68319780,2710,55222112.00000000,98747.67655290,0
2019-11-20,0.00179070,0.00187250,0.00177880,0.00182930,151479683.00000000,1574294399999,276400.62690690,3132,65969005.00000000,120342.51410540,0
2019-11-21,0.00182950,0.00184430,0.00101420,0.00167690,235693171.00000000,1574380799999,389725.07524450,3683,84681349.00000000,144548.41945760,0
2019-11-22,0.00167690,0.00203160,0.00159420,0.00181730,615719391.00000000,1574467199999,1125077.07764580,8425,274754230.00000000,501560.38594190,0
2019-11-23,0.00181510,0.00199070,0.00168520,0.00176320,516467190.00000000,1574553599999,959387.38261350,9155,241844025.00000000,449039.80408820,0
2019-11-24,0.00176470,0.00179680,0.00160730,0.00162990,343443436.00000000,1574639999999,585224.70174880,5195,160449535.00000000,274011.29920550,0
2019-11-25,0.00163100,0.00193500,0.00150370,0.00182750,468604705.00000000,1574726399999,796694.19392910,8047,243361661.00000000,414669.86300720,0
2019-11-26,0.00182750,0.00243500,0.00182000,0.00209830,2456301680.00000000,1574812799999,5121114.29491400,14854,1589949633.00000000,3326684.63929150,0
2019-11-27,0.00209670,0.00211800,0.00183500,0.00200980,628432168.00000000,1574899199999,1242226.07484990,7821,305644687.00000000,603009.28725010,0
2019-11-28,0.00200830,0.00223070,0.00194920,0.00212950,418957213.00000000,1574985599999,876849.52993770,6613,182935779.00000000,381619.56076010,0
2019-11-29,0.00212790,0.00220850,0.00207540,0.00209840,222873417.00000000,1575071999999,475013.73987090,4430,101928852.00000000,217516.53942350,0
2019-11-30,0.00209680,0.00220820,0.00207390,0.00213130,286230026.00000000,1575158399999,609152.83913600,5168,138177117.00000000,294666.37447610,0
2019-12-01,0.00213090,0.00213130,0.00188850,0.00195920,353238441.00000000,1575244799999,701988.14348990,5332,154152995.00000000,304905.49916800,0
2019-12-02,0.00196100,0.00213600,0.00194750,0.00201580,353042243.00000000,1575331199999,711943.95451520,4876,168672264.00000000,339828.28311910,0
2019-12-03,0.00201740,0.00225000,0.00200000,0.00220020,363551243.00000000,1575417599999,787627.44555180,4953,189646498.00000000,409999.07312730,0
2019-12-04,0.00220140,0.00235010,0.00215000,0.00228360,302262021.00000000,1575503999999,679267.99061390,4279,139950931.00000000,316061.78547080,0
2019-12-05,0.00228190,0.00236590,0.00212020,0.00217750,260145950.00000000,1575590399999,582535.41876210,4823,118097697.00000000,265550.06840330,0
2019-12-06,0.00217640,0.00221920,0.00197260,0.00212630,554295633.00000000,1575676799999,1161015.83944060,7141,238223856.00000000,499485.77877440,0
2019-12-07,0.00213060,0.00221980,0.00210000,0.00219020,201287868.00000000,1575763199999,436438.36735690,3916,92255767.00000000,199812.82938780,0
2019-12-08,0.00219020,0.00258930,0.00219020,0.00253410,838304672.00000000,1575849599999,2028249.02121100,10875,408012930.00000000,986351.42657340,0
2019-12-09,0.00253400,0.00274950,0.00235710,0.00247560,1007433990.00000000,1575935999999,2568013.54413530,13330,476903723.00000000,1218428.70262860,0
2019-12-10,0.00247640,0.00250770,0.00202640,0.00213990,790234181.00000000,1576022399999,1725784.43851320,9079,359329636.00000000,780810.08578210,0
2019-12-11,0.00213990,0.00227000,0.00201200,0.00209030,300601576.00000000,1576108799999,636326.13087520,5778,138543464.00000000,293929.78649070,0
2019-12-12,0.00209090,0.00212130,0.00194600,0.00197830,380997276.00000000,1576195199999,766514.24041910,5544,193755892.00000000,390534.40300410,0
2019-12-13,0.00197830,0.00210040,0.00195800,0.00204770,264444494.00000000,1576281599999,536522.50618690,4078,140033073.00000000,284631.50992660,0
2019-12-14,0.00204770,0.00204870,0.00189770,0.00192500,163031817.00000000,1576367999999,321153.63537770,2832,77717844.00000000,153222.55908180,0
2019-12-15,0.00192600,0.00201910,0.00190510,0.00191060,185381456.00000000,1576454399999,361377.61359060,2313,104223553.00000000,203756.15650430,0
2019-12-16,0.00191060,0.00191110,0.00170180,0.00172000,556330906.00000000,1576540799999,995977.03974970,6686,201997872.00000000,363045.92179160,0
2019-12-17,0.00172000,0.00184000,0.00160010,0.00177010,502396439.00000000,1576627199999,853404.23671510,5163,272757049.00000000,467476.45139480,0
2019-12-18,0.00176980,0.00205820,0.00170320,0.00199930,599321147.00000000,1576713599999,1126787.53239730,7670,325198306.00000000,613264.05950270,0
2019-12-19,0.00199930,0.00203690,0.00188060,0.00199870,320780980.00000000,1576799999999,625029.83626940,4701,186948343.00000000,365777.73105430,0
2019-12-20,0.00199870,0.00203000,0.00195390,0.00198000,187056223.00000000,1576886399999,373891.96167960,3413,85397573.00000000,170792.85484190,0
2019-12-21,0.00198000,0.00205000,0.00196030,0.00198680,107578787.00000000,1576972799999,215325.57957220,1612,50258782.00000000,100769.88663420,0
2019-12-22,0.00198680,0.00199040,0.00185300,0.00188470,259496837.00000000,1577059199999,493418.74436220,3426,110526086.00000000,210341.47164190,0
2019-12-23,0.00188620,0.00195900,0.00183260,0.00188140,198178550.00000000,1577145599999,375696.30920760,2857,95119444.00000000,180306.29861080,0
2019-12-24,0.00188150,0.00197200,0.00185300,0.00186370,229950084.00000000,1577231999999,436948.59504780,5573,110379044.00000000,209885.42890510,0
2019-12-25,0.00186440,0.00191000,0.00177840,0.00179800,208262203.00000000,1577318399999,380520.79586330,4978,95472794.00000000,174980.88214000,0
2019-12-26,0.00179820,0.00188640,0.00177630,0.00184370,193877861.00000000,1577404799999,355954.11883390,5193,109220879.00000000,200628.48306140,0
2019-12-27,0.00184350,0.00185790,0.00179280,0.00184150,172346639.00000000,1577491199999,315006.50958410,5213,88351724.00000000,161377.69163550,0
2019-12-28,0.00184080,0.00186880,0.00182970,0.00184310,173176414.00000000,1577577599999,319453.30839540,5235,87171081.00000000,160782.82957450,0
2019-12-29,0.00184200,0.00188270,0.00182500,0.00182660,330659935.00000000,1577663999999,609982.38653750,5351,182595796.00000000,337028.06802300,0
2019-12-30,0.00182660,0.00202610,0.00182590,0.00185290,652329904.00000000,1577750399999,1258225.76263870,8398,325989567.00000000,628470.27035730,0
2019-12-31,0.00185210,0.00194520,0.00178630,0.00180530,553767711.00000000,1577836799999,1024256.30664960,6949,255409033.00000000,472923.63649240,0
2020-01-01,0.00180510,0.00187550,0.00179980,0.00183620,472925733.00000000,1577923199999,867789.32600000,5473,224980421.00000000,412650.87699860,0
2020-01-02,0.00183560,0.00184320,0.00168860,0.00171420,355654051.00000000,1578009599999,637694.87688370,5373,160411444.00000000,288083.05110950,0
2020-01-03,0.00171400,0.00178120,0.00164890,0.00167900,749874267.00000000,1578095999999,1284143.51098200,10971,348690628.00000000,597233.21473230,0
2020-01-04,0.00168040,0.00170660,0.00166020,0.00168830,509635332.00000000,1578182399999,860258.55465720,5550,261599846.00000000,441751.61212950,0
2020-01-05,0.00168820,0.00170910,0.00165720,0.00166460,296109402.00000000,1578268799999,497718.03786880,4151,138409210.00000000,232791.11866660,0
2020-01-06,0.00166520,0.00168630,0.00159730,0.00162920,595988339.00000000,1578355199999,984655.38655260,7086,259570898.00000000,429193.12254760,0
2020-01-07,0.00162850,0.00163530,0.00152660,0.00155290,632050036.00000000,1578441599999,1001458.74282020,8608,290136803.00000000,460607.98430080,0
2020-01-08,0.00155220,0.00164200,0.00154610,0.00159740,536981888.00000000,1578527999999,847833.63489500,6716,273860724.00000000,432538.69535770,0
2020-01-09,0.00159730,0.00165000,0.00156930,0.00161420,505370194.00000000,1578614399999,812153.42472900,5326,270129868.00000000,434522.75186460,0
2020-01-10,0.00161470,0.00163100,0.00153500,0.00157350,662825101.00000000,1578700799999,1048997.45312080,6917,316715966.00000000,501258.73280090,0
2020-01-11,0.00157310,0.00159150,0.00156490,0.00157140,386524877.00000000,1578787199999,608406.58416710,4554,201495610.00000000,317179.47622720,0
2020-01-12,0.00157150,0.00158770,0.00155520,0.00156630,340872254.00000000,1578873599999,535750.41044810,3936,180717176.00000000,284077.56635840,0
2020-01-13,0.00156620,0.00156840,0.00153500,0.00155690,352924465.00000000,1578959999999,546861.05999910,3666,183212404.00000000,283958.30019980,0
2020-01-14,0.00155740,0.00156000,0.00150750,0.00152610,421318734.00000000,1579046399999,642800.22822630,5695,184522763.00000000,281602.44911110,0
2020-01-15,0.00152510,0.00158690,0.00151970,0.00157250,546943355.00000000,1579132799999,847771.30505430,6518,282659499.00000000,438247.01955140,0
2020-01-16,0.00157250,0.00161190,0.00154510,0.00161070,408999287.00000000,1579219199999,646422.85185900,4143,213027059.00000000,336888.67423300,0
2020-01-17,0.00160990,0.00171170,0.00155720,0.00162530,594835764.00000000,1579305599999,963114.96592350,6474,305430244.00000000,494415.29970120,0
2020-01-18,0.00162500,0.00163970,0.00159000,0.00162090,375215418.00000000,1579391999999,606899.69944380,3961,212758212.00000000,344190.68398870,0
2020-01-19,0.00162080,0.00165120,0.00154130,0.00156520,369610860.00000000,1579478399999,586961.75313320,4882,175726126.00000000,279305.02312590,0
2020-01-20,0.00156520,0.00163860,0.00156090,0.00158620,425832306.00000000,1579564799999,678363.32119080,4592,238975512.00000000,380717.63478340,0
2020-01-21,0.00158620,0.00165510,0.00158260,0.00163420,372174306.00000000,1579651199999,603918.75350780,4449,203311738.00000000,329872.91152260,0
2020-01-22,0.00163370,0.00163920,0.00160000,0.00161360,275851735.00000000,1579737599999,445559.50057410,2979,145609773.00000000,235245.68585540,0
2020-01-23,0.00161360,0.00161390,0.00153600,0.00155700,282114865.00000000,1579823999999,442923.32093610,3671,139863691.00000000,219556.43743270,0
2020-01-24,0.00155720,0.00157500,0.00153460,0.00155510,299529255.00000000,1579910399999,466235.14988550,3539,178006363.00000000,277070.58771440,0
2020-01-25,0.00155430,0.00157750,0.00153950,0.00156960,203375447.00000000,1579996799999,317361.24075430,4114,100148771.00000000,156309.93353870,0
2020-01-26,0.00156960,0.00157420,0.00150000,0.00152570,648256088.00000000,1580083199999,1008097.27012380,7070,341041647.00000000,530916.05365810,0
2020-01-27,0.00152570,0.00156980,0.00150500,0.00154510,531429334.00000000,1580169599999,816492.90419290,6964,303164187.00000000,465922.00462440,0
2020-01-28,0.00154450,0.00156990,0.00148000,0.00149370,778818416.00000000,1580255999999,1196815.89226630,10698,416521662.00000000,640957.98310830,0
2020-01-29,0.00149440,0.00153000,0.00147800,0.00152040,446277167.00000000,1580342399999,667989.35885220,7547,245242705.00000000,367283.02225050,0
2020-01-30,0.00152030,0.00152990,0.00148470,0.00150020,365497672.00000000,1580428799999,550496.97132150,6503,200344268.00000000,301828.29719020,0
2020-01-31,0.00150070,0.00152900,0.00148620,0.00150910,372270286.00000000,1580515199999,560066.02348480,6565,206930909.00000000,311420.22226760,0
2020-02-01,0.00150940,0.00164170,0.00150800,0.00159860,433919507.00000000,1580601599999,672841.71987290,6819,233221643.00000000,360981.37317050,0
2020-02-02,0.00159870,0.00170000,0.00159830,0.00162440,399350089.00000000,1580687999999,660829.74426420,7066,197854531.00000000,326998.23934390,0
2020-02-03,0.00162470,0.00172140,0.00161360,0.00168180,387272923.00000000,1580774399999,638073.54924850,7787,218547115.00000000,360445.81492910,0
2020-02-04,0.00168140,0.00187840,0.00167000,0.00184830,652484681.00000000,1580860799999,1155567.18615600,10372,365694861.00000000,648668.09549260,0
2020-02-05,0.00184790,0.00185930,0.00175000,0.00178230,377207427.00000000,1580947199999,675780.89901920,6830,191457413.00000000,343241.45339260,0
2020-02-06,0.00178220,0.00199750,0.00176410,0.00198540,535749846.00000000,1581033599999,1013924.03173970,9593,311390518.00000000,590357.62310120,0
2020-02-07,0.00198490,0.00198980,0.00189120,0.00193870,538802536.00000000,1581119999999,1048793.12494710,9053,286236118.00000000,557153.07678390,0
2020-02-08,0.00193870,0.00197000,0.00183170,0.00189390,492259756.00000000,1581206399999,934263.13014760,8292,250491223.00000000,474811.82186260,0
2020-02-09,0.00189380,0.00199950,0.00189000,0.00195430,396796376.00000000,1581292799999,772568.59428490,7728,218405217.00000000,425017.29072410,0
2020-02-10,0.00195350,0.00195400,0.00177960,0.00192810,509893143.00000000,1581379199999,961306.23968170,10090,263193613.00000000,496276.14735900,0
2020-02-11,0.00192810,0.00209980,0.00189540,0.00205790,695794878.00000000,1581465599999,1400814.23181160,11600,398102160.00000000,801791.52005950,0
2020-02-12,0.00205840,0.00217100,0.00202000,0.00211420,589314245.00000000,1581551999999,1228640.62524160,11529,310210301.00000000,646999.23188740,0
2020-02-13,0.00211460,0.00214230,0.00198600,0.00205800,572625485.00000000,1581638399999,1177453.53474300,11217,292370841.00000000,602011.54789250,0
2020-02-14,0.00205800,0.00225000,0.00204910,0.00223560,623178550.00000000,1581724799999,1334094.50282930,9485,366855261.00000000,785462.28042880,0
2020-02-15,0.00223630,0.00224990,0.00200070,0.00202500,547495712.00000000,1581811199999,1175449.23480060,10454,267059705.00000000,575053.18732130,0
2020-02-16,0.00202610,0.00212280,0.00184400,0.00197980,600253384.00000000,1581897599999,1196633.26846430,12310,317257093.00000000,632872.20157690,0
2020-02-17,0.00197840,0.00201020,0.00186000,0.00196070,562291776.00000000,1581983999999,1092540.31633900,13327,297523182.00000000,578271.53233540,0
2020-02-18,0.00196080,0.00200790,0.00187190,0.00197930,569309424.00000000,1582070399999,1109947.41010810,15655,305052690.00000000,595276.08893260,0
2020-02-19,0.00197940,0.00210000,0.00183500,0.00189890,452464211.00000000,1582156799999,888567.58802370,23115,237777907.00000000,467042.86766580,0
2020-02-20,0.00189860,0.00194000,0.00178000,0.00185870,1057517879.00000000,1582243199999,1968897.94708820,49469,595895355.00000000,1110524.81880980,0
2020-02-21,0.00185880,0.00191500,0.00183150,0.00188320,653236863.00000000,1582329599999,1226420.92136450,11786,374205464.00000000,702607.37178120,0
2020-02-22,0.00188320,0.00196360,0.00183090,0.00185240,811405327.00000000,1582415999999,1514451.41241970,11701,503658872.00000000,940395.22102020,0
2020-02-23,0.00185120,0.00193340,0.00185040,0.00188540,607933021.00000000,1582502399999,1148462.02546240,13033,358923216.00000000,678252.32919010,0
2020-02-24,0.00188550,0.00189070,0.00178470,0.00179620,597865743.00000000,1582588799999,1095963.55504190,11418,341282887.00000000,626183.46269550,0
2020-02-25,0.00179650,0.00180000,0.00157600,0.00162240,1077789994.00000000,1582675199999,1824907.70139870,13869,649095893.00000000,1099425.21302510,0
2020-02-26,0.00162220,0.00163150,0.00149500,0.00152290,850212566.00000000,1582761599999,1311831.19035250,11288,531967020.00000000,821446.14814920,0
2020-02-27,0.00152320,0.00168110,0.00149850,0.00158910,1035098390.00000000,1582847999999,1647014.32953750,9342,639137437.00000000,1017269.36583540,0
2020-02-28,0.00159080,0.00162190,0.00151590,0.00158420,880570734.00000000,1582934399999,1379394.12460170,7803,535945720.00000000,839497.14266990,0
2020-02-29,0.00158430,0.00162500,0.00154600,0.00159820,948475860.00000000,1583020799999,1501516.99410920,7184,585399644.00000000,926794.17304150,0
2020-03-01,0.00159760,0.00163200,0.00152150,0.00155120,886053778.00000000,1583107199999,1399424.39251490,8028,513525253.00000000,811221.78291550,0
2020-03-02,0.00155080,0.00170000,0.00154550,0.00163880,762163150.00000000,1583193599999,1211686.74917500,6927,476646926.00000000,757712.23193300,0
2020-03-03,0.00164070,0.00169620,0.00159710,0.00161530,262931858.00000000,1583279999999,431773.35868520,4500,137226892.00000000,225692.23884100,0
2020-03-04,0.00161570,0.00169360,0.00160680,0.00166490,402114829.00000000,1583366399999,668879.96665330,5670,248159288.00000000,412566.12568450,0
2020-03-05,0.00166430,0.00177000,0.00166230,0.00173590,612506198.00000000,1583452799999,1055112.21068410,7684,354342333.00000000,610519.03820000,0
2020-03-06,0.00173630,0.00178450,0.00170000,0.00177270,1542592895.00000000,1583539199999,2691887.46542350,6738,902806719.00000000,1575727.98231830,0
2020-03-07,0.00177210,0.00180000,0.00164500,0.00166260,1585537283.00000000,1583625599999,2779705.46062890,7436,903468922.00000000,1584797.21044880,0
2020-03-08,0.00166240,0.00166300,0.00145000,0.00145070,1450620138.00000000,1583711999999,2269244.30101190,8090,796677808.00000000,1248067.94308060,0
2020-03-09,0.00145050,0.00148540,0.00131410,0.00144120,1489709870.00000000,1583798399999,2117634.39504360,8610,823930575.00000000,1169724.11897140,0
2020-03-10,0.00144140,0.00149050,0.00139000,0.00145370,2024582843.00000000,1583884799999,2920511.86433000,7601,1120859336.00000000,1616814.73907080,0
2020-03-11,0.00145400,0.00156990,0.00136720,0.00144160,1750973327.00000000,1583971199999,2526382.54458960,15117,989475078.00000000,1425756.95281280,0
2020-03-12,0.00144590,0.00144860,0.00066270,0.00072230,1274013302.00000000,1584057599999,1446482.40057680,15265,669737628.00000000,765731.08212350,0
2020-03-13,0.00073170,0.00089440,0.00055030,0.00086710,669536380.00000000,1584143999999,528239.64482090,6199,388632505.00000000,309426.41772670,0
2020-03-14,0.00086690,0.00086740,0.00078000,0.00080300,591834431.00000000,1584230399999,488936.35230510,3894,323586351.00000000,267416.46036200,0
2020-03-15,0.00080480,0.00089730,0.00078440,0.00083880,586385896.00000000,1584316799999,478741.75126100,5345,327256820.00000000,267176.50113030,0
2020-03-16,0.00083880,0.00083880,0.00062050,0.00070690,551197783.00000000,1584403199999,399084.48970790,5722,308246087.00000000,222688.33128330,0
2020-03-17,0.00070690,0.00077000,0.00069680,0.00074480,339189628.00000000,1584489599999,250761.57731280,2226,177377907.00000000,131339.96701270,0
2020-03-18,0.00074750,0.00075740,0.00069290,0.00072090,231992606.00000000,1584575999999,165872.10105520,1621,123303336.00000000,88088.89031840,0
2020-03-19,0.00072180,0.00090000,0.00071920,0.00086450,263039686.00000000,1584662399999,212455.66489790,2491,120751635.00000000,97273.51037260,0
2020-03-20,0.00087440,0.00093470,0.00074990,0.00081810,574881739.00000000,1584748799999,485767.15767100,5429,291278895.00000000,246378.81452420,0
2020-03-21,0.00081810,0.00084310,0.00076500,0.00080970,567995140.00000000,1584835199999,459321.31237560,5264,295968274.00000000,239161.07198200,0
2020-03-22,0.00081110,0.00089980,0.00075200,0.00076730,237771627.00000000,1584921599999,189048.72659840,2689,118916675.00000000,94584.94951040,0
2020-03-23,0.00076760,0.00086000,0.00075760,0.00085000,420038337.00000000,1585007999999,340893.10609320,4358,235714790.00000000,191064.20272100,0
2020-03-24,0.00085030,0.00086940,0.00077000,0.00080170,985657219.00000000,1585094399999,808053.59269830,7468,478098665.00000000,391742.57562430,0
2020-03-25,0.00080180,0.00084000,0.00078020,0.00080800,1020921210.00000000,1585180799999,820632.35804380,7287,534736210.00000000,429949.98339410,0
2020-03-26,0.00080840,0.00084210,0.00078880,0.00080390,1173554499.00000000,1585267199999,955374.64557680,7297,603602870.00000000,490718.84496430,0
2020-03-27,0.00080360,0.00082850,0.00075550,0.00078210,1097476036.00000000,1585353599999,885604.50779020,8416,533657400.00000000,430835.34649330,0
2020-03-28,0.00078220,0.00089970,0.00072700,0.00081920,1874196684.00000000,1585439999999,1541314.31825500,12387,1042809345.00000000,865466.40363580,0
2020-03-29,0.00081890,0.00082810,0.00074990,0.00076110,1313770168.00000000,1585526399999,1052064.08577310,7957,635555048.00000000,508945.10537500,0
2020-03-30,0.00076100,0.00084010,0.00075540,0.00082110,893150039.00000000,1585612799999,727678.14604410,8753,445147027.00000000,363004.48141630,0
2020-03-31,0.00081870,0.00084830,0.00080920,0.00082370,1082410506.00000000,1585699199999,892627.64159510,7619,545467866.00000000,449907.15480670,0
2020-04-01,0.00082370,0.00083000,0.00078400,0.00082340,994029152.00000000,1585785599999,806874.99957150,7650,475775831.00000000,386356.51995740,0
2020-04-02,0.00082390,0.00088000,0.00080920,0.00084550,967422992.00000000,1585871999999,806879.57620710,8510,495163117.00000000,413145.38733160,0
2020-04-03,0.00084580,0.00089860,0.00082070,0.00087880,1126304963.00000000,1585958399999,960518.09901290,8435,578542265.00000000,493263.69571730,0
2020-04-04,0.00087850,0.00089000,0.00083000,0.00087370,1342990362.00000000,1586044799999,1153050.83161870,8818,665376107.00000000,571285.24381330,0
2020-04-05,0.00087380,0.00089210,0.00084800,0.00086500,1582174742.00000000,1586131199999,1377142.63390780,7707,792798616.00000000,690191.57652050,0
2020-04-06,0.00086580,0.00093250,0.00086460,0.00091790,1252272402.00000000,1586217599999,1116458.58316580,9254,627335450.00000000,559667.53606620,0
2020-04-07,0.00091790,0.00099000,0.00090680,0.00092260,2792861680.00000000,1586303999999,2625842.89605890,10054,1369938230.00000000,1287999.49465580,0
2020-04-08,0.00092280,0.00095500,0.00089520,0.00094670,1306240385.00000000,1586390399999,1205339.75459510,7848,649233135.00000000,599408.97061620,0
2020-04-09,0.00094650,0.00094780,0.00088040,0.00089990,1265844573.00000000,1586476799999,1160294.96409920,7638,603798237.00000000,553878.56323710,0
2020-04-10,0.00090050,0.00090640,0.00082180,0.00084700,956897110.00000000,1586563199999,825115.95929250,7752,465013424.00000000,400714.74978980,0
2020-04-11,0.00084480,0.00086160,0.00081600,0.00082920,1548692455.00000000,1586649599999,1299894.73963210,7296,779531883.00000000,654529.47155150,0
2020-04-12,0.00082970,0.00087100,0.00082720,0.00084950,689967966.00000000,1586735999999,578419.32206230,4556,369504579.00000000,309839.91385810,0
2020-04-13,0.00084800,0.00087280,0.00083000,0.00085130,112227381.00000000,1586822399999,94693.89787400,1517,60359984.00000000,50975.50095020,0
2020-04-14,0.00085180,0.00087220,0.00083730,0.00086030,91462010.00000000,1586908799999,78601.95285630,1024,53454172.00000000,46017.15055260,0
2020-04-15,0.00085770,0.00087450,0.00083850,0.00083850,64678331.00000000,1586995199999,55098.27948650,758,31037711.00000000,26445.42533860,0
2020-04-16,0.00083850,0.00086780,0.00083180,0.00086670,103828680.00000000,1587081599999,88651.64845830,1094,51591722.00000000,44093.28250760,0
2020-04-17,0.00086440,0.00087790,0.00084910,0.00086600,123405370.00000000,1587167999999,106803.15973170,1908,70094410.00000000,60690.87345420,0
2020-04-18,0.00086910,0.00112000,0.00085910,0.00108940,637011517.00000000,1587254399999,628118.36536190,4556,345426214.00000000,340669.21776020,0
2020-04-19,0.00108440,0.00109090,0.00099980,0.00101340,261613584.00000000,1587340799999,269655.94630280,2750,125753849.00000000,129900.42214060,0
2020-04-20,0.00101340,0.00102180,0.00093800,0.00097160,203265506.00000000,1587427199999,199861.77000240,2740,84402883.00000000,82887.72603390,0
2020-04-21,0.00097100,0.00104030,0.00093460,0.00097700,357602858.00000000,1587513599999,358313.41182240,3988,167914103.00000000,168192.82314490,0
2020-04-22,0.00097690,0.00108270,0.00096850,0.00108000,191513194.00000000,1587599999999,196158.73102070,3180,117994987.00000000,121009.47438180,0
2020-04-23,0.00107910,0.00117800,0.00105290,0.00114860,309983911.00000000,1587686399999,343929.81405770,3982,178030218.00000000,197413.63991060,0
2020-04-24,0.00114860,0.00137310,0.00113010,0.00134810,687190268.00000000,1587772799999,877832.90824360,5599,332051761.00000000,425549.26533550,0
2020-04-25,0.00135290,0.00135560,0.00126870,0.00129970,250846706.00000000,1587859199999,328050.35020200,2526,127062017.00000000,166003.90267280,0
2020-04-26,0.00129970,0.00133640,0.00125330,0.00131000,284685024.00000000,1587945599999,368195.40042330,2059,111028893.00000000,143470.66411310,0
2020-04-27,0.00131000,0.00132000,0.00123160,0.00128730,230646184.00000000,1588031999999,293688.42957620,3345,138464204.00000000,176669.81919940,0
2020-04-28,0.00128920,0.00137210,0.00127200,0.00136420,205328452.00000000,1588118399999,270735.91134410,3091,107397165.00000000,141613.23561990,0
2020-04-29,0.00136420,0.00152170,0.00136400,0.00149150,541918688.00000000,1588204799999,792956.34647300,7823,272293993.00000000,398121.24517980,0
2020-04-30,0.00149600,0.00153750,0.00140670,0.00148860,508844032.00000000,1588291199999,755140.54808930,7662,232668889.00000000,345748.25359760,0
2020-05-01,0.00148860,0.00157130,0.00147400,0.00155950,258947714.00000000,1588377599999,395090.44509180,4280,143377674.00000000,219054.68359480,0
2020-05-02,0.00156070,0.00159050,0.00152040,0.00153490,231792685.00000000,1588463999999,359809.60724860,4230,96931746.00000000,150460.55766360,0
2020-05-03,0.00153360,0.00157450,0.00148000,0.00152210,172760845.00000000,1588550399999,264277.07186580,3230,99644098.00000000,152351.93064570,0
2020-05-04,0.00152210,0.00155700,0.00146930,0.00155340,153249849.00000000,1588636799999,232640.71335060,3203,88605332.00000000,134596.14924320,0
2020-05-05,0.00155340,0.00177100,0.00153560,0.00176000,473578018.00000000,1588723199999,789500.12524830,6042,235062188.00000000,392493.83796900,0
2020-05-06,0.00176000,0.00184780,0.00167540,0.00174120,493819148.00000000,1588809599999,872197.37075020,6587,214127516.00000000,379637.23455980,0
2020-05-07,0.00174020,0.00181980,0.00168350,0.00173080,327652356.00000000,1588895999999,573713.54437200,5250,163017396.00000000,286164.36789780,0
2020-05-08,0.00172040,0.00181680,0.00167010,0.00179690,216699714.00000000,1588982399999,383061.45161760,3754,107565284.00000000,190281.30166720,0
2020-05-09,0.00179430,0.00185000,0.00177930,0.00177930,205775643.00000000,1589068799999,373296.49598080,3854,104002228.00000000,188656.58747600,0
2020-05-10,0.00177890,0.00177890,0.00148480,0.00169080,483658823.00000000,1589155199999,780757.85006300,6111,234859671.00000000,377214.25443530,0
2020-05-11,0.00169510,0.00178930,0.00155710,0.00169900,327301595.00000000,1589241599999,552090.07446870,5059,171308426.00000000,289278.39010950,0
2020-05-12,0.00169890,0.00176020,0.00168700,0.00172000,198586151.00000000,1589327999999,342818.82128670,2807,90284431.00000000,156086.23627960,0
2020-05-13,0.00172560,0.00179600,0.00170510,0.00178830,156735794.00000000,1589414399999,274387.39055930,1944,87284104.00000000,152642.76077070,0
2020-05-14,0.00178260,0.00181380,0.00176600,0.00179580,132723955.00000000,1589500799999,237899.84691940,2304,68358782.00000000,122521.41700780,0
2020-05-15,0.00179010,0.00182120,0.00174000,0.00180120,144692319.00000000,1589587199999,258267.80108370,2264,78708122.00000000,140686.10053860,0
2020-05-16,0.00180120,0.00194450,0.00179780,0.00188660,191152929.00000000,1589673599999,360856.08449330,2609,94573115.00000000,178258.42472130,0
2020-05-17,0.00189220,0.00193500,0.00188590,0.00190160,131209740.00000000,1589759999999,250580.30434920,1951,66216697.00000000,126556.04222740,0
2020-05-18,0.00190180,0.00192470,0.00187990,0.00192360,79537042.00000000,1589846399999,151765.27061070,1428,43661638.00000000,83356.67731720,0
2020-05-19,0.00192360,0.00210100,0.00191090,0.00206010,278845108.00000000,1589932799999,561679.25360220,3337,147558227.00000000,296700.82299780,0
2020-05-20,0.00206590,0.00250000,0.00205990,0.00235580,1278049654.00000000,1590019199999,2944947.23046130,12454,615683110.00000000,1418695.04398140,0
2020-05-21,0.00235580,0.00267600,0.00224440,0.00234610,2268376441.00000000,1590105599999,5593225.28044380,67517,1081160619.00000000,2663686.79736770,0
2020-05-22,0.00234650,0.00245500,0.00232560,0.00237140,741413941.00000000,1590191999999,1758191.99107240,29376,349031414.00000000,827620.82984330,0
2020-05-23,0.00237170,0.00245000,0.00234000,0.00242590,1166760453.00000000,1590278399999,2814260.67843770,112883,577663995.00000000,1393827.21071370,0
2020-05-24,0.00242650,0.00249190,0.00228340,0.00230590,1533582418.00000000,1590364799999,3714245.26623010,97650,726922398.00000000,1761042.41701240,0
2020-05-25,0.00230750,0.00234050,0.00228730,0.00232460,1212023507.00000000,1590451199999,2806130.40015290,134850,603618558.00000000,1397735.67794770,0
2020-05-26,0.00232520,0.00234820,0.00222920,0.00224250,1917220072.00000000,1590537599999,4386797.08736050,190509,910188969.00000000,2083161.68608470,0
2020-05-27,0.00224290,0.00227430,0.00213880,0.00218170,1696808105.00000000,1590623999999,3765344.92281240,121170,800595673.00000000,1776919.97125960,0
2020-05-28,0.00217820,0.00229970,0.00212500,0.00220420,514185026.00000000,1590710399999,1131790.60603370,9551,195599580.00000000,431148.77303380,0
2020-05-29,0.00220430,0.00229000,0.00206200,0.00219700,481233329.00000000,1590796799999,1040047.22556300,7737,222136972.00000000,480656.18656410,0
2020-05-30,0.00219700,0.00230700,0.00216600,0.00229200,181689822.00000000,1590883199999,408071.63555720,2495,91581960.00000000,205939.18602420,0
2020-05-31,0.00229200,0.00231200,0.00215500,0.00222200,196571668.00000000,1590969599999,435849.81471600,3188,87173650.00000000,193383.75794800,0
2020-06-01,0.00222200,0.00246600,0.00222000,0.00237900,414631309.00000000,1591055999999,969505.06404510,5927,214738791.00000000,502358.88843410,0
2020-06-02,0.00237000,0.00295000,0.00236100,0.00274200,1181674777.00000000,1591142399999,3185525.53461290,14859,591519231.00000000,1593200.18646090,0
2020-06-03,0.00274300,0.00301600,0.00268100,0.00277700,1011841415.00000000,1591228799999,2887102.77273760,13044,465892758.00000000,1330609.91608760,0
2020-06-04,0.00277700,0.00280500,0.00269000,0.00271700,391384281.00000000,1591315199999,1071670.74436200,6005,182759088.00000000,500904.25869400,0
2020-06-05,0.00271100,0.00285000,0.00265000,0.00271900,353088433.00000000,1591401599999,961197.38063500,4688,153015718.00000000,415607.70549300,0
2020-06-06,0.00271800,0.00282600,0.00251100,0.00279600,416109895.00000000,1591487999999,1135154.29824500,6054,218751832.00000000,596889.48222700,0
2020-06-07,0.00279500,0.00280200,0.00268600,0.00276000,218574204.00000000,1591574399999,600314.23309700,3397,109579325.00000000,301301.32391300,0
2020-06-08,0.00275300,0.00279500,0.00270200,0.00272300,198029482.00000000,1591660799999,545163.04587100,2894,85204002.00000000,234703.34243900,0
2020-06-09,0.00272600,0.00277900,0.00268800,0.00276200,194314763.00000000,1591747199999,530867.49131300,3228,109471961.00000000,299314.04001400,0
2020-06-10,0.00276200,0.00284800,0.00273800,0.00282700,358657989.00000000,1591833599999,1003281.95242800,5180,157727687.00000000,441500.97355900,0
2020-06-11,0.00282400,0.00298000,0.00252000,0.00257800,644378208.00000000,1591919999999,1806718.18390400,8724,303086195.00000000,847165.69197900,0
2020-06-12,0.00257800,0.00287800,0.00253500,0.00281800,382450820.00000000,1592006399999,1052359.82046400,5080,191546509.00000000,527732.75101300,0
2020-06-13,0.00282600,0.00321500,0.00281300,0.00316000,833485681.00000000,1592092799999,2531515.90070240,9513,388632462.00000000,1178420.80460640,0
2020-06-14,0.00316000,0.00317100,0.00297000,0.00312500,563053026.00000000,1592179199999,1747216.43356200,6917,272629308.00000000,847248.58675500,0
2020-06-15,0.00312800,0.00338000,0.00276800,0.00335900,871216014.00000000,1592265599999,2650105.93218920,11335,414299963.00000000,1265670.86981920,0
2020-06-16,0.00334700,0.00344000,0.00321400,0.00332200,733781285.00000000,1592351999999,2447443.44618820,9728,366677681.00000000,1223220.20756520,0
2020-06-17,0.00332300,0.00382800,0.00326700,0.00382800,754011621.00000000,1592438399999,2633919.49325250,10110,388630375.00000000,1360021.10644950,0
2020-06-18,0.00382800,0.00484000,0.00377900,0.00452300,2223268543.00000000,1592524799999,9496875.09497100,38927,1104559054.00000000,4719976.62724300,0
2020-06-19,0.00453100,0.00549600,0.00410000,0.00516400,1531926369.00000000,1592611199999,7609172.92228710,39707,800068272.00000000,3973535.47278610,0
2020-06-20,0.00516900,0.00654000,0.00509200,0.00545000,2441135856.00000000,1592697599999,14355183.66260310,62492,1240334078.00000000,7298205.31902210,0
2020-06-21,0.00545000,0.00622100,0.00497300,0.00510100,1793427093.00000000,1592783999999,9886315.75529300,49763,832013971.00000000,4592760.51798000,0
2020-06-22,0.00509000,0.00550000,0.00456600,0.00473500,1380935306.00000000,1592870399999,6837099.78378700,34477,593982180.00000000,2952177.79357100,0
2020-06-23,0.00473000,0.00528400,0.00460000,0.00503700,1113746979.00000000,1592956799999,5482173.00861100,28919,574103607.00000000,2828012.53227300,0
2020-06-24,0.00503700,0.00547800,0.00465800,0.00509700,1034947013.00000000,1593043199999,5282392.99111500,29067,495287250.00000000,2532250.31110200,0
2020-06-25,0.00509700,0.00515000,0.00455900,0.00471400,594907423.00000000,1593129599999,2870678.54212400,20092,272265368.00000000,1316748.43874900,0
2020-06-26,0.00470200,0.00481500,0.00439000,0.00448900,636095009.00000000,1593215999999,2894681.87355800,18928,273354197.00000000,1245191.27877300,0
2020-06-27,0.00449100,0.00544800,0.00442100,0.00492000,1338545975.00000000,1593302399999,6650769.38238300,36637,643527785.00000000,3204683.90613900,0
2020-06-28,0.00492100,0.00518900,0.00476000,0.00498500,534130735.00000000,1593388799999,2670396.62500800,19588,242827040.00000000,1215506.07360100,0
2020-06-29,0.00499500,0.00577700,0.00477800,0.00549400,1222100204.00000000,1593475199999,6424296.29024500,31508,617099347.00000000,3254834.52918900,0
2020-06-30,0.00549600,0.00639700,0.00536600,0.00626800,1385242339.00000000,1593561599999,8199879.06374900,41951,660085191.00000000,3907675.00172700,0
2020-07-01,0.00626800,0.00660000,0.00599600,0.00620200,1006372160.00000000,1593647999999,6353035.14516050,34048,493650694.00000000,3119864.04381550,0
2020-07-02,0.00618300,0.00627900,0.00559800,0.00567400,750663927.00000000,1593734399999,4488106.57921100,23582,344725894.00000000,2062157.97260300,0
2020-07-03,0.00567500,0.00633500,0.00560000,0.00625200,535634782.00000000,1593820799999,3205220.09963500,20649,258754042.00000000,1551279.82715100,0
2020-07-04,0.00624100,0.00664000,0.00587200,0.00639000,1190186867.00000000,1593907199999,7452168.67987100,31605,583401933.00000000,3658541.45787500,0
2020-07-05,0.00639800,0.00658100,0.00595100,0.00606500,651420215.00000000,1593993599999,4035062.74024400,19860,300201723.00000000,1866186.00550000,0
2020-07-06,0.00608400,0.00742000,0.00606500,0.00718500,958841941.00000000,1594079999999,6595513.82166870,29034,509487651.00000000,3485838.87013270,0
2020-07-07,0.00718500,0.00855100,0.00704500,0.00839200,1023434406.00000000,1594166399999,7965180.55695940,41326,512561732.00000000,3989498.70876840,0
2020-07-08,0.00839000,0.00849400,0.00757700,0.00789800,882698878.00000000,1594252799999,7102297.39359100,38868,395004050.00000000,3182576.89012500,0
2020-07-09,0.00788400,0.00900000,0.00757700,0.00878900,779749820.00000000,1594339199999,6426751.97540180,35607,386986296.00000000,3194974.31541680,0
2020-07-10,0.00878900,0.01290000,0.00853100,0.01198800,2734873164.00000000,1594425599999,30137239.64401730,104147,1342028846.00000000,14776608.52684930,0
2020-07-11,0.01198800,0.01414000,0.01070100,0.01214900,1862750052.00000000,1594511999999,22770872.51360900,88090,889558620.00000000,10875370.38444600,0
2020-07-12,0.01214900,0.01350000,0.01125000,0.01342300,1138518844.00000000,1594598399999,14215804.21336400,53045,564738262.00000000,7063449.21025400,0
2020-07-13,0.01342000,0.01585000,0.01271100,0.01504200,1619694639.00000000,1594684799999,23588382.94844800,79058,794001432.00000000,11580854.62653400,0
2020-07-14,0.01504200,0.01554000,0.01327800,0.01461800,962621575.00000000,1594771199999,14028484.80623000,56270,458201476.00000000,6679346.91364800,0
2020-07-15,0.01461200,0.01730000,0.01430200,0.01677000,990048447.00000000,1594857599999,15873738.63872900,57052,489193431.00000000,7847393.98254400,0
2020-07-16,0.01679800,0.01727900,0.01485000,0.01591100,1010625041.00000000,1594943999999,16471920.45886700,64397,474643842.00000000,7749405.64586500,0
2020-07-17,0.01591100,0.01662000,0.01345600,0.01429300,879466522.00000000,1595030399999,13319906.00654100,56188,402245764.00000000,6096139.07591100,0
2020-07-18,0.01427500,0.01543200,0.01371400,0.01524500,626905490.00000000,1595116799999,9141711.82294900,45123,304476591.00000000,4444255.18265600,0
2020-07-19,0.01524500,0.01525600,0.01260200,0.01366000,850052376.00000000,1595203199999,11751912.49412700,59129,392209395.00000000,5423004.99121200,0
2020-07-20,0.01364700,0.01474400,0.01221400,0.01280300,779299956.00000000,1595289599999,10508081.39475100,58295,365905519.00000000,4944608.87175100,0
2020-07-21,0.01277600,0.01690000,0.01210100,0.01569700,1696220107.00000000,1595375999999,24986880.47154400,101945,842900082.00000000,12439646.25642900,0
2020-07-22,0.01567400,0.01712900,0.01508000,0.01601200,888862778.00000000,1595462399999,14408751.11523700,66161,434509554.00000000,7049060.04890100,0
2020-07-23,0.01601200,0.01700000,0.01550000,0.01601100,540916586.00000000,1595548799999,8759690.81519400,42864,255256726.00000000,4140266.98433400,0
2020-07-24,0.01600800,0.01672600,0.01579800,0.01609600,373726829.00000000,1595635199999,6080428.46105000,31016,192692274.00000000,3138306.51681400,0
2020-07-25,0.01609600,0.01879900,0.01600500,0.01870100,765467031.00000000,1595721599999,13248317.18048300,48537,383703397.00000000,6636233.46178200,0
2020-07-26,0.01870300,0.02372100,0.01790100,0.02214400,1899410096.00000000,1595807999999,39560312.05643800,123940,940512878.00000000,19604390.55792900,0
2020-07-27,0.02214400,0.02953600,0.02030100,0.02551500,3093581727.00000000,1595894399999,78713196.07054000,211059,1520200865.00000000,38691359.19418800,0
2020-07-28,0.02559100,0.02791500,0.02335100,0.02780100,1109237140.00000000,1595980799999,28433888.06754300,98128,564874545.00000000,14510990.24184300,0
2020-07-29,0.02778600,0.02782300,0.02482300,0.02524600,782953799.00000000,1596067199999,20591371.50444000,72420,364640907.00000000,9607581.54330500,0
2020-07-30,0.02524600,0.02791900,0.02244400,0.02423100,1471047359.00000000,1596153599999,36871935.55134500,104435,702142260.00000000,17652552.61462600,0
2020-07-31,0.02418400,0.02499900,0.02100000,0.02108400,806650776.00000000,1596239999999,18822478.18030700,66293,369209137.00000000,8642241.05341300,0
2020-08-01,0.02113500,0.02252700,0.01800000,0.02089200,2032074280.00000000,1596326399999,41252516.63266100,96307,973208968.00000000,19811663.47012600,0
2020-08-02,0.02089500,0.02215300,0.01854400,0.02039500,879109674.00000000,1596412799999,18051675.06131500,45517,446146068.00000000,9190391.72329700,0
2020-08-03,0.02040600,0.02200000,0.02032500,0.02055000,486107652.00000000,1596499199999,10268268.29812000,27488,233632067.00000000,4941275.38190900,0
2020-08-04,0.02053800,0.02159200,0.02050100,0.02115400,331708886.00000000,1596585599999,7024467.36230300,19472,175648605.00000000,3723454.08995000,0
2020-08-05,0.02115300,0.02148100,0.02030000,0.02079100,393315841.00000000,1596671999999,8249732.68336900,22157,180350341.00000000,3792681.36616200,0
2020-08-06,0.02079000,0.02134400,0.02053800,0.02130000,362055927.00000000,1596758399999,7593427.81799100,18845,189127478.00000000,3975167.75574400,0
2020-08-07,0.02130000,0.02490000,0.02114700,0.02441100,1214538972.00000000,1596844799999,28542945.07935100,58057,617812038.00000000,14523355.95648600,0
2020-08-08,0.02435000,0.02443300,0.02241600,0.02350000,497908714.00000000,1596931199999,11630071.53713600,29527,242626790.00000000,5673154.88772200,0
2020-08-09,0.02350300,0.02400000,0.02181200,0.02242500,359712832.00000000,1597017599999,8199566.15493500,23670,167042381.00000000,3810426.31508400,0
2020-08-10,0.02248400,0.02490000,0.02112600,0.02389300,767913899.00000000,1597103999999,17824900.42705100,46928,398299664.00000000,9279261.59454500,0
2020-08-11,0.02389300,0.02401400,0.02064500,0.02190500,459844862.00000000,1597190399999,10327952.39351800,29455,223889493.00000000,5038592.76685400,0
2020-08-12,0.02190500,0.02228100,0.02011400,0.02183800,442220828.00000000,1597276799999,9490346.46374700,27369,216788281.00000000,4657900.06859600,0
2020-08-13,0.02183800,0.02220000,0.02027000,0.02063500,310397722.00000000,1597363199999,6647874.09264400,21574,144295390.00000000,3098349.80023100,0
2020-08-14,0.02063400,0.02217000,0.02021000,0.02143700,365952026.00000000,1597449599999,7842811.26062100,24754,183609000.00000000,3940001.87695900,0
2020-08-15,0.02147700,0.02211100,0.02065600,0.02086400,296683876.00000000,1597535999999,6286676.06319500,19641,147709587.00000000,3134829.28103700,0
2020-08-16,0.02085100,0.02132400,0.02044300,0.02080200,231090483.00000000,1597622399999,4807258.13920500,14359,116258703.00000000,2421100.84549600,0
2020-08-17,0.02080200,0.02166400,0.01900000,0.01998300,429502371.00000000,1597708799999,8825968.67270100,27606,211028480.00000000,4345112.12424900,0
2020-08-18,0.02001900,0.02080800,0.01853900,0.01872100,429038493.00000000,1597795199999,8314330.53636000,26621,214250288.00000000,4155335.28130800,0
2020-08-19,0.01872000,0.01910000,0.01750000,0.01815100,339138488.00000000,1597881599999,6258695.58671500,20793,152601912.00000000,2818772.14008000,0
2020-08-20,0.01818900,0.02050000,0.01815200,0.01924900,343877317.00000000,1597967999999,6674057.24265800,20427,177397214.00000000,3442753.98225900,0
2020-08-21,0.01920600,0.01935000,0.01721400,0.01731900,246247757.00000000,1598054399999,4528448.36346400,16145,115648769.00000000,2129053.23965400,0
2020-08-22,0.01737000,0.01830000,0.01610200,0.01812000,253857480.00000000,1598140799999,4393845.92261100,17105,127060006.00000000,2202599.13889400,0
2020-08-23,0.01811100,0.01903800,0.01760000,0.01847400,253643173.00000000,1598227199999,4653118.51193700,16685,138636556.00000000,2543771.39245900,0
2020-08-24,0.01847300,0.02007300,0.01843200,0.01907000,257753068.00000000,1598313599999,4965731.12920100,17597,138665681.00000000,2674660.23458000,0
2020-08-25,0.01905900,0.01913500,0.01715100,0.01822600,250610975.00000000,1598399999999,4538450.90138400,16926,112247900.00000000,2031597.96179100,0
2020-08-26,0.01822600,0.01840400,0.01743200,0.01767300,146202850.00000000,1598486399999,2616803.98587600,10124,73013109.00000000,1307296.36233800,0
2020-08-27,0.01767200,0.01800000,0.01662900,0.01711000,140517970.00000000,1598572799999,2443001.56262100,10516,70790360.00000000,1232472.87630100,0
2020-08-28,0.01711000,0.02174400,0.01696100,0.01972700,1030499593.00000000,1598659199999,20746100.48487600,56655,543900034.00000000,10957414.77103800,0
2020-08-29,0.01971100,0.02045200,0.01917600,0.01984200,339912257.00000000,1598745599999,6710299.22161300,19486,170837604.00000000,3382237.97058400,0
2020-08-30,0.01984200,0.01989000,0.01901300,0.01957900,260474036.00000000,1598831999999,5066872.19784200,16592,120079426.00000000,2339383.95792900,0
2020-08-31,0.01959900,0.01989700,0.01947800,0.01971000,26089811.00000000,1598842799999,513853.08687200,2004,12768112.00000000,251660.64189400,0
